"timestamp","latitude","longitude"
"2019-02-15T00:20:33.0",53.8408916,8.8396933
"2019-02-15T00:20:36.0",53.840891666666664,8.839693333333333
"2019-02-15T00:20:40.0",53.8408933,8.8390267
"2019-02-15T00:20:28.0",53.8409,8.8402467
"2019-02-15T00:20:48.0",53.840905,8.838356666666666
"2019-02-15T00:20:45.0",53.840905,8.8383567
"2019-02-15T00:20:21.0",53.8409116,8.8410183
"2019-02-15T00:20:52.0",53.840926599999996,8.8375867
"2019-02-15T00:20:55.0",53.84092666666667,8.837586666666667
"2019-02-15T00:20:19.0",53.84092666666667,8.841568333333333
"2019-02-15T00:20:10.0",53.840946599999995,8.8423533
"2019-02-15T00:20:58.0",53.84095,8.8370333
"2019-02-15T00:20:04.0",53.8409633,8.8429067
"2019-02-15T00:21:03.0",53.840979999999995,8.836369999999999
"2019-02-15T00:19:57.0",53.8409866,8.843684999999999
"2019-02-15T00:19:52.0",53.841004999999996,8.8442417
"2019-02-15T00:19:55.0",53.841005,8.844241666666667
"2019-02-15T00:19:45.0",53.841029999999996,8.84502
"2019-02-15T00:19:48.0",53.84103,8.84502
"2019-02-15T00:21:16.0",53.8410466,8.83493
"2019-02-15T00:21:21.0",53.8410766,8.8343783
"2019-02-15T00:21:24.0",53.841076666666666,8.834378333333333
"2019-02-15T00:19:33.0",53.8410783,8.8463517
"2019-02-15T00:19:28.0",53.8410983,8.8469017
"2019-02-15T00:19:31.0",53.841098333333335,8.846901666666668
"2019-02-15T00:21:27.0",53.8411116,8.8337133
"2019-02-15T00:21:30.0",53.84111166666667,8.833713333333334
"2019-02-15T00:19:21.0",53.8411316,8.8476733
"2019-02-15T00:21:33.0",53.8411433,8.8330533
"2019-02-15T00:21:40.0",53.841173299999994,8.832391699999999
"2019-02-15T00:19:09.0",53.841184999999996,8.848995
"2019-02-15T00:21:45.0",53.8412033,8.831731699999999
"2019-02-15T00:19:04.0",53.8412083,8.849549999999999
"2019-02-15T00:18:57.0",53.8412333,8.8503133
"2019-02-15T00:21:52.0",53.841243299999995,8.8309567
"2019-02-15T00:21:55.0",53.84124333333333,8.830956666666667
"2019-02-15T00:18:52.0",53.8412516,8.8508683
"2019-02-15T00:18:45.0",53.841281599999995,8.8516383
"2019-02-15T00:18:48.0",53.84128166666667,8.851638333333334
"2019-02-15T00:22:03.0",53.8412983,8.8297417
"2019-02-15T00:22:06.0",53.841298333333334,8.829741666666667
"2019-02-15T00:18:40.0",53.841306599999996,8.852295
"2019-02-15T00:18:33.0",53.841333299999995,8.8529567
"2019-02-15T00:18:36.0",53.84133333333333,8.852956666666667
"2019-02-15T00:18:28.0",53.841353299999994,8.853501699999999
"2019-02-15T00:18:31.0",53.84135333333333,8.853501666666666
"2019-02-15T00:22:19.0",53.841375,8.828306666666666
"2019-02-15T00:22:16.0",53.841375,8.828306699999999
"2019-02-15T00:18:21.0",53.841378299999995,8.85426
"2019-02-15T00:18:24.0",53.84137833333333,8.85426
"2019-02-15T00:18:16.0",53.841398299999994,8.8548183
"2019-02-15T00:22:21.0",53.8414,8.82776
"2019-02-15T00:18:10.0",53.841423299999995,8.8555783
"2019-02-15T00:22:27.0",53.8414383,8.8270933
"2019-02-15T00:18:04.0",53.84144,8.8561233
"2019-02-15T00:18:07.0",53.84144,8.856123333333333
"2019-02-15T00:17:57.0",53.841468299999995,8.85689
"2019-02-15T00:22:36.0",53.84147166666666,8.826425
"2019-02-15T00:17:45.0",53.8415116,8.8582017
"2019-02-15T00:17:48.0",53.84151166666667,8.858201666666666
"2019-02-15T00:22:40.0",53.841514999999994,8.8256483
"2019-02-15T00:17:33.0",53.8415433,8.8595217
"2019-02-15T00:22:45.0",53.8415466,8.8250967
"2019-02-15T00:17:28.0",53.8415616,8.86007
"2019-02-15T00:22:52.0",53.8415866,8.824325
"2019-02-15T00:22:55.0",53.841586666666664,8.824325
"2019-02-15T00:17:21.0",53.8415883,8.86084
"2019-02-15T00:22:57.0",53.8416183,8.82378
"2019-02-15T00:17:09.0",53.8416183,8.8621533
"2019-02-15T00:17:04.0",53.841629999999995,8.8626867
"2019-02-15T00:17:07.0",53.84163,8.862686666666667
"2019-02-15T00:16:57.0",53.8416566,8.8634633
"2019-02-15T00:23:06.0",53.84166,8.823121666666667
"2019-02-15T00:23:03.0",53.84166,8.8231217
"2019-02-15T00:16:52.0",53.841674999999995,8.86402
"2019-02-15T00:23:13.0",53.8417,8.822346666666666
"2019-02-15T00:16:45.0",53.841705,8.8647833
"2019-02-15T00:16:48.0",53.841705,8.864783333333333
"2019-02-15T00:16:40.0",53.84173,8.86533
"2019-02-15T00:23:15.0",53.841731599999996,8.8217983
"2019-02-15T00:16:38.0",53.841738299999996,8.8655467
"2019-02-15T00:16:41.0",53.84173833333333,8.865546666666667
"2019-02-15T00:16:33.0",53.841764999999995,8.86609
"2019-02-15T00:16:36.0",53.841765,8.86609
"2019-02-15T00:23:21.0",53.841775,8.8211367
"2019-02-15T00:23:27.0",53.8418116,8.820475
"2019-02-15T00:16:21.0",53.841845,8.8674233
"2019-02-15T00:16:24.0",53.841845,8.867423333333333
"2019-02-15T00:23:36.0",53.84185166666666,8.819816666666666
"2019-02-15T00:16:16.0",53.8418766,8.867983299999999
"2019-02-15T00:23:39.0",53.841895,8.81916
"2019-02-15T00:16:10.0",53.8419216,8.868746699999999
"2019-02-15T00:16:12.0",53.841921666666664,8.868746666666667
"2019-02-15T00:23:45.0",53.84193,8.8185
"2019-02-15T00:16:07.0",53.8419333,8.868963299999999
"2019-02-15T00:16:04.0",53.841951599999994,8.8692867
"2019-02-15T00:23:52.0",53.8419783,8.8177317
"2019-02-15T00:16:01.0",53.841995,8.869936666666666
"2019-02-15T00:15:59.0",53.841995,8.8699367
"2019-02-15T00:23:57.0",53.842009999999995,8.81718
"2019-02-15T00:24:03.0",53.842046599999996,8.8165183
"2019-02-15T00:15:52.0",53.842046599999996,8.8705933
"2019-02-15T00:24:06.0",53.84204666666667,8.816518333333333
"2019-02-15T00:15:55.0",53.84204666666667,8.870593333333334
"2019-02-15T00:15:48.0",53.8420816,8.871028299999999
"2019-02-15T00:24:10.0",53.842098299999996,8.8157483
"2019-02-15T00:24:24.0",53.842171666666665,8.814538333333333
"2019-02-15T00:15:38.0",53.8421733,8.872113299999999
"2019-02-15T00:15:41.0",53.842173333333335,8.872113333333333
"2019-02-15T00:24:27.0",53.842214999999996,8.813878299999999
"2019-02-15T00:24:33.0",53.8422566,8.8132133
"2019-02-15T00:24:36.0",53.842256666666664,8.813213333333334
"2019-02-15T00:15:28.0",53.8422766,8.8731917
"2019-02-15T00:15:31.0",53.84227666666666,8.873191666666667
"2019-02-15T00:24:40.0",53.842291599999996,8.812545
"2019-02-15T00:24:45.0",53.8423283,8.81188
"2019-02-15T00:24:48.0",53.842328333333334,8.81188
"2019-02-15T00:24:52.0",53.8423716,8.8111033
"2019-02-15T00:24:55.0",53.842371666666665,8.811103333333334
"2019-02-15T00:24:57.0",53.8424,8.810545
"2019-02-15T00:15:18.0",53.842408299999995,8.874268299999999
"2019-02-15T00:25:03.0",53.8424416,8.80988
"2019-02-15T00:25:10.0",53.842484999999996,8.8091067
"2019-02-15T00:25:13.0",53.842485,8.809106666666667
"2019-02-15T00:25:15.0",53.842516599999996,8.8085533
"2019-02-15T00:25:21.0",53.8425583,8.807891699999999
"2019-02-15T00:25:24.0",53.842558333333336,8.807891666666666
"2019-02-15T00:25:27.0",53.842594999999996,8.807231699999999
"2019-02-15T00:25:33.0",53.84263,8.8065717
"2019-02-15T00:25:40.0",53.842666599999994,8.805925
"2019-02-15T00:25:45.0",53.8427033,8.805259999999999
"2019-02-15T00:14:48.0",53.8427466,8.8774933
"2019-02-15T00:25:52.0",53.842756599999994,8.8044917
"2019-02-15T00:25:55.0",53.842756666666666,8.804491666666667
"2019-02-15T00:25:57.0",53.8427916,8.803939999999999
"2019-02-15T00:26:00.0",53.84279166666666,8.80394
"2019-02-15T00:14:38.0",53.842859999999995,8.878561699999999
"2019-02-15T00:26:10.0",53.8428883,8.8025067
"2019-02-15T00:26:13.0",53.842888333333335,8.802506666666666
"2019-02-15T00:26:18.0",53.84292,8.801956666666667
"2019-02-15T00:26:15.0",53.84292,8.8019567
"2019-02-15T00:26:22.0",53.842968299999995,8.8012983
"2019-02-15T00:14:28.0",53.842986599999996,8.879745
"2019-02-15T00:26:27.0",53.8430083,8.800645
"2019-02-15T00:26:33.0",53.8430433,8.799988299999999
"2019-02-15T00:26:36.0",53.843043333333334,8.799988333333333
"2019-02-15T00:26:40.0",53.8430866,8.7993267
"2019-02-15T00:14:18.0",53.8430883,8.8806967
"2019-02-15T00:26:45.0",53.8431333,8.7986633
"2019-02-15T00:26:48.0",53.843133333333334,8.798663333333334
"2019-02-15T00:26:52.0",53.8431783,8.797889999999999
"2019-02-15T00:14:07.0",53.843213299999995,8.8818667
"2019-02-15T00:14:10.0",53.84321333333333,8.881866666666667
"2019-02-15T00:26:57.0",53.843219999999995,8.797335
"2019-02-15T00:27:03.0",53.8432683,8.796676699999999
"2019-02-15T00:27:10.0",53.843321599999996,8.795903299999999
"2019-02-15T00:27:13.0",53.84332166666667,8.795903333333333
"2019-02-15T00:27:15.0",53.843365,8.795354999999999
"2019-02-15T00:27:21.0",53.843411599999996,8.7946967
"2019-02-15T00:27:24.0",53.84341166666667,8.794696666666667
"2019-02-15T00:13:48.0",53.8434166,8.883883299999999
"2019-02-15T00:27:27.0",53.84345,8.794033299999999
"2019-02-15T00:27:36.0",53.8435,8.793366666666667
"2019-02-15T00:27:33.0",53.8435,8.7933667
"2019-02-15T00:13:38.0",53.8435266,8.8849467
"2019-02-15T00:27:40.0",53.843548299999995,8.7927017
"2019-02-15T00:27:45.0",53.8435783,8.79204
"2019-02-15T00:27:48.0",53.84357833333333,8.79204
"2019-02-15T00:13:28.0",53.843644999999995,8.8861217
"2019-02-15T00:13:31.0",53.843645,8.886121666666666
"2019-02-15T00:27:57.0",53.8436883,8.790703299999999
"2019-02-15T00:13:18.0",53.843741599999994,8.8870667
"2019-02-15T00:28:03.0",53.843754999999994,8.7900367
"2019-02-15T00:28:07.0",53.843804999999996,8.789595
"2019-02-15T00:28:10.0",53.8438466,8.789266699999999
"2019-02-15T00:13:07.0",53.84386,8.8882133
"2019-02-15T00:28:12.0",53.843876599999994,8.789053299999999
"2019-02-15T00:28:15.0",53.84387666666667,8.789053333333333
"2019-02-15T00:28:17.0",53.8439583,8.788511699999999
"2019-02-15T00:12:57.0",53.843973299999995,8.889249999999999
"2019-02-15T00:28:20.0",53.84399,8.788295
"2019-02-15T00:28:21.0",53.8440216,8.788079999999999
"2019-02-15T00:12:48.0",53.8440666,8.89017
"2019-02-15T00:28:25.0",53.8440866,8.787653299999999
"2019-02-15T00:28:27.0",53.844128299999994,8.7874417
"2019-02-15T00:28:29.0",53.84417,8.787234999999999
"2019-02-15T00:28:32.0",53.84417,8.787235
"2019-02-15T00:12:38.0",53.844173299999994,8.8912117
"2019-02-15T00:28:33.0",53.844243299999995,8.7868117
"2019-02-15T00:12:28.0",53.8442933,8.8923617
"2019-02-15T00:12:31.0",53.84429333333333,8.892361666666666
"2019-02-15T00:28:40.0",53.8443633,8.786171699999999
"2019-02-15T00:12:17.0",53.844396599999996,8.8934217
"2019-02-15T00:12:20.0",53.84439666666667,8.893421666666667
"2019-02-15T00:28:45.0",53.84449,8.785543299999999
"2019-02-15T00:28:48.0",53.84449,8.785543333333333
"2019-02-15T00:12:07.0",53.84451,8.894485
"2019-02-15T00:28:51.0",53.844629999999995,8.78492
"2019-02-15T00:11:48.0",53.84471,8.8965433
"2019-02-15T00:11:38.0",53.844815,8.8976133
"2019-02-15T00:29:04.0",53.844918299999996,8.7836767
"2019-02-15T00:11:30.0",53.84493,8.898791666666666
"2019-02-15T00:11:17.0",53.845021599999995,8.8998517
"2019-02-15T00:11:20.0",53.84502166666667,8.899851666666667
"2019-02-15T00:29:10.0",53.845091599999996,8.782955
"2019-02-15T00:11:07.0",53.845118299999996,8.9008983
"2019-02-15T00:10:59.0",53.845196599999994,8.901813299999999
"2019-02-15T00:29:15.0",53.8452133,8.78244
"2019-02-15T00:10:48.0",53.845279999999995,8.902861699999999
"2019-02-15T00:10:38.0",53.845365,8.9039083
"2019-02-15T00:29:21.0",53.8453666,8.781825
"2019-02-15T00:10:28.0",53.845466599999995,8.90507
"2019-02-15T00:29:27.0",53.845518299999995,8.7812117
"2019-02-15T00:10:17.0",53.8455533,8.9061417
"2019-02-15T00:10:07.0",53.8456383,8.9072217
"2019-02-15T00:29:33.0",53.845671599999996,8.7806033
"2019-02-15T00:29:36.0",53.84567166666667,8.780603333333334
"2019-02-15T00:09:59.0",53.8457083,8.9081867
"2019-02-15T00:09:47.0",53.8457933,8.9093567
"2019-02-15T00:29:40.0",53.8458216,8.7799933
"2019-02-15T00:09:28.0",53.845948299999996,8.9114833
"2019-02-15T00:29:45.0",53.8459716,8.7793833
"2019-02-15T00:09:17.0",53.8460233,8.912545
"2019-02-15T00:09:07.0",53.846095,8.91362
"2019-02-15T00:29:51.0",53.8461216,8.7787767
"2019-02-15T00:08:58.0",53.8461583,8.914579999999999
"2019-02-15T00:08:47.0",53.8462366,8.915754999999999
"2019-02-15T00:29:57.0",53.8462733,8.7781667
"2019-02-15T00:08:38.0",53.846305,8.9167217
"2019-02-15T00:08:28.0",53.846386599999995,8.9179017
"2019-02-15T00:30:03.0",53.8464283,8.777545
"2019-02-15T00:08:07.0",53.8465383,8.92005
"2019-02-15T00:30:09.0",53.846579999999996,8.77694
"2019-02-15T00:07:59.0",53.84661,8.92102
"2019-02-15T00:30:16.0",53.8467516,8.7762467
"2019-02-15T00:07:38.0",53.8467583,8.923181699999999
"2019-02-15T00:07:28.0",53.846838299999995,8.9243683
"2019-02-15T00:30:21.0",53.846885,8.7757533
"2019-02-15T00:07:18.0",53.8469066,8.9253333
"2019-02-15T00:07:08.0",53.8469833,8.9264
"2019-02-15T00:30:27.0",53.8470533,8.77516
"2019-02-15T00:06:59.0",53.847061599999996,8.9274933
"2019-02-15T00:06:47.0",53.8471483,8.92867
"2019-02-15T00:30:33.0",53.84721,8.774569999999999
"2019-02-15T00:06:28.0",53.847326599999995,8.930786699999999
"2019-02-15T00:30:40.0",53.847375,8.773985
"2019-02-15T00:06:18.0",53.847398299999995,8.931743299999999
"2019-02-15T00:06:08.0",53.8474916,8.932839999999999
"2019-02-15T00:06:11.0",53.84749166666667,8.93284
"2019-02-15T00:30:45.0",53.8475433,8.7733933
"2019-02-15T00:05:58.0",53.84758,8.9339317
"2019-02-15T00:05:47.0",53.847681599999994,8.935125
"2019-02-15T00:05:38.0",53.84776,8.9360967
"2019-02-15T00:05:28.0",53.8478533,8.93728
"2019-02-15T00:30:57.0",53.847893299999996,8.77221
"2019-02-15T00:05:18.0",53.847939999999994,8.9383517
"2019-02-15T00:05:08.0",53.848025,8.939314999999999
"2019-02-15T00:31:04.0",53.848054999999995,8.7716133
"2019-02-15T00:04:58.0",53.8481283,8.940383299999999
"2019-02-15T00:31:09.0",53.8482233,8.771038299999999
"2019-02-15T00:31:12.0",53.84822333333334,8.771038333333333
"2019-02-15T00:04:47.0",53.8482383,8.941564999999999
"2019-02-15T00:04:38.0",53.848331599999995,8.942535
"2019-02-15T00:04:28.0",53.848434999999995,8.9437283
"2019-02-15T00:31:16.0",53.848445,8.7703667
"2019-02-15T00:04:18.0",53.8485333,8.9448133
"2019-02-15T00:31:21.0",53.848601599999995,8.7698883
"2019-02-15T00:04:08.0",53.848633299999996,8.945784999999999
"2019-02-15T00:03:58.0",53.8487383,8.9468567
"2019-02-15T00:31:27.0",53.8487966,8.769325
"2019-02-15T00:31:30.0",53.848796666666665,8.769325
"2019-02-15T00:03:47.0",53.848858299999996,8.948034999999999
"2019-02-15T00:03:38.0",53.84896,8.9489983
"2019-02-15T00:31:33.0",53.8489983,8.768761699999999
"2019-02-15T00:03:28.0",53.8490733,8.95017
"2019-02-15T00:03:18.0",53.8491716,8.95113
"2019-02-15T00:31:39.0",53.8491966,8.7681983
"2019-02-15T00:31:42.0",53.849196666666664,8.768198333333334
"2019-02-15T00:03:08.0",53.84928,8.9521917
"2019-02-15T00:02:58.0",53.849394999999994,8.9532467
"2019-02-15T00:31:46.0",53.849405,8.7676533
"2019-02-15T00:02:47.0",53.849525,8.954415
"2019-02-15T00:31:51.0",53.849613299999994,8.76712
"2019-02-15T00:31:54.0",53.84961333333333,8.76712
"2019-02-15T00:02:38.0",53.8496166,8.9553617
"2019-02-15T00:02:28.0",53.849741599999994,8.9565267
"2019-02-15T00:31:57.0",53.8498083,8.766578299999999
"2019-02-15T00:02:17.0",53.849849999999996,8.9575883
"2019-02-15T00:02:08.0",53.8499516,8.9585417
"2019-02-15T00:32:03.0",53.849998299999996,8.766023299999999
"2019-02-15T00:01:58.0",53.85006,8.959591699999999
"2019-02-15T00:01:48.0",53.850171599999996,8.96064
"2019-02-15T00:32:09.0",53.8502083,8.7654933
"2019-02-15T00:01:38.0",53.8502833,8.9617717
"2019-02-15T00:01:28.0",53.850396599999996,8.962705
"2019-02-15T00:32:16.0",53.850445,8.7648633
"2019-02-15T00:32:19.0",53.850445,8.764863333333333
"2019-02-15T00:01:17.0",53.850551599999996,8.9638733
"2019-02-15T00:32:21.0",53.850629999999995,8.764429999999999
"2019-02-15T00:01:08.0",53.850665,8.964815
"2019-02-15T00:00:58.0",53.8507883,8.9658483
"2019-02-15T00:32:27.0",53.85086,8.763914999999999
"2019-02-15T00:00:48.0",53.8509216,8.966893299999999
"2019-02-15T00:00:38.0",53.85106,8.9680333
"2019-02-15T00:32:36.0",53.85109,8.763391666666667
"2019-02-15T00:00:28.0",53.8511866,8.9689683
"2019-02-15T00:00:17.0",53.851331599999995,8.9701183
"2019-02-15T00:32:40.0",53.851358299999994,8.762783299999999
"2019-02-15T00:00:08.0",53.8514566,8.97105
"2019-02-15T00:32:46.0",53.851569999999995,8.76234
"2019-02-15T00:32:48.0",53.85157,8.76234
"2019-02-14T23:59:58.0",53.8515866,8.9720867
"2019-02-14T23:59:48.0",53.8517283,8.973128299999999
"2019-02-15T00:32:52.0",53.8518,8.761809999999999
"2019-02-15T00:32:54.0",53.8518,8.76181
"2019-02-14T23:59:38.0",53.8518816,8.9742867
"2019-02-14T23:59:28.0",53.8520116,8.975248299999999
"2019-02-15T00:32:57.0",53.8520233,8.7612917
"2019-02-15T00:33:00.0",53.852023333333335,8.761291666666667
"2019-02-15T00:33:03.0",53.8522433,8.760774999999999
"2019-02-14T23:59:07.0",53.8523183,8.9774183
"2019-02-14T23:58:58.0",53.852451599999995,8.9783483
"2019-02-14T23:58:48.0",53.8525983,8.979379999999999
"2019-02-15T00:33:16.0",53.852728299999995,8.7596517
"2019-02-15T00:33:19.0",53.85272833333333,8.759651666666667
"2019-02-15T00:33:21.0",53.85292,8.759218299999999
"2019-02-14T23:58:17.0",53.853043299999996,8.982586699999999
"2019-02-15T00:33:27.0",53.8531433,8.758695
"2019-02-14T23:58:07.0",53.8531866,8.98362
"2019-02-14T23:57:58.0",53.85332,8.9845467
"2019-02-15T00:33:34.0",53.853411599999994,8.7581083
"2019-02-14T23:57:48.0",53.853461599999996,8.9855817
"2019-02-14T23:57:38.0",53.853616599999995,8.986711699999999
"2019-02-15T00:33:40.0",53.853665,8.75761
"2019-02-14T23:57:28.0",53.8537416,8.987633299999999
"2019-02-15T00:33:45.0",53.8538566,8.7571917
"2019-02-15T00:33:48.0",53.853856666666665,8.757191666666667
"2019-02-14T23:57:18.0",53.85389,8.9886567
"2019-02-14T23:57:07.0",53.8540433,8.9897833
"2019-02-15T00:33:55.0",53.85407,8.756701666666666
"2019-02-15T00:33:52.0",53.85407,8.756701699999999
"2019-02-14T23:56:57.0",53.854189999999996,8.9908033
"2019-02-15T00:33:57.0",53.8543083,8.756208299999999
"2019-02-15T00:34:03.0",53.854524999999995,8.7557083
"2019-02-14T23:56:28.0",53.854594999999996,8.993739999999999
"2019-02-14T23:56:18.0",53.854736599999995,8.9947517
"2019-02-14T23:56:07.0",53.8549016,8.995866699999999
"2019-02-15T00:34:16.0",53.855033299999995,8.754636699999999
"2019-02-14T23:55:57.0",53.855046599999994,8.9968667
"2019-02-15T00:34:20.0",53.855188299999995,8.754299999999999
"2019-02-14T23:55:47.0",53.855193299999996,8.9978617
"2019-02-15T00:34:21.0",53.855226599999995,8.7542183
"2019-02-15T00:34:27.0",53.855464999999995,8.753725
"2019-02-15T00:34:30.0",53.855579999999996,8.7534833
"2019-02-15T00:34:33.0",53.85558,8.753483333333334
"2019-02-14T23:55:18.0",53.855638299999995,9.0007783
"2019-02-15T00:34:34.0",53.8556933,8.75323
"2019-02-14T23:55:07.0",53.8558083,9.001866699999999
"2019-02-14T23:54:57.0",53.855979999999995,9.00286
"2019-02-15T00:34:40.0",53.8559833,8.752661699999999
"2019-02-14T23:54:47.0",53.856173299999995,9.0038483
"2019-02-15T00:34:48.0",53.856195,8.752266666666667
"2019-02-15T00:34:45.0",53.856195,8.7522667
"2019-02-15T00:34:49.0",53.8563583,8.751938299999999
"2019-02-15T00:34:52.0",53.856435,8.751769999999999
"2019-02-14T23:54:28.0",53.8566266,9.0056967
"2019-02-15T00:35:01.0",53.856795,8.751025
"2019-02-14T23:54:18.0",53.8568983,9.00666
"2019-02-15T00:35:03.0",53.8569166,8.750785
"2019-02-15T00:35:09.0",53.85716,8.7502883
"2019-02-14T23:54:07.0",53.857201599999996,9.00765
"2019-02-14T23:53:57.0",53.8574583,9.0085833
"2019-02-15T00:35:20.0",53.8576116,8.7494067
"2019-02-14T23:53:47.0",53.8577266,9.0094917
"2019-02-14T23:53:37.0",53.8579866,9.0104167
"2019-02-15T00:35:30.0",53.8580566,8.74864
"2019-02-15T00:35:33.0",53.85805666666667,8.74864
"2019-02-14T23:53:28.0",53.858231599999996,9.011225
"2019-02-14T23:53:18.0",53.8584933,9.012146699999999
"2019-02-15T00:35:40.0",53.8585016,8.7478933
"2019-02-14T23:53:07.0",53.8587883,9.0131567
"2019-02-15T00:35:49.0",53.8588983,8.747221699999999
"2019-02-15T00:35:52.0",53.858898333333336,8.747221666666666
"2019-02-14T23:52:57.0",53.859049999999996,9.014071699999999
"2019-02-14T23:52:47.0",53.859314999999995,9.01499
"2019-02-15T00:36:01.0",53.859384999999996,8.746403299999999
"2019-02-14T23:52:37.0",53.8595816,9.0159
"2019-02-14T23:52:28.0",53.859815,9.0167267
"2019-02-15T00:36:10.0",53.8598266,8.745659999999999
"2019-02-15T00:36:13.0",53.85982666666666,8.74566
"2019-02-14T23:52:07.0",53.8603616,9.018648299999999
"2019-02-14T23:51:57.0",53.8606516,9.01966
"2019-02-15T00:36:30.0",53.860711599999995,8.744214999999999
"2019-02-14T23:51:47.0",53.86089,9.0204917
"2019-02-15T00:36:40.0",53.861148299999996,8.7434967
"2019-02-14T23:51:37.0",53.8611533,9.0214067
"2019-02-14T23:51:28.0",53.861393299999996,9.022236699999999
"2019-02-15T00:36:49.0",53.8615583,8.7428683
"2019-02-14T23:51:18.0",53.86166,9.023155
"2019-02-14T23:51:07.0",53.861948299999995,9.0241633
"2019-02-15T00:37:01.0",53.862064999999994,8.7421367
"2019-02-14T23:50:57.0",53.862204999999996,9.0250717
"2019-02-14T23:50:47.0",53.8624766,9.0259883
"2019-02-15T00:37:10.0",53.86253,8.741475
"2019-02-14T23:50:37.0",53.862735,9.0268933
"2019-02-14T23:50:28.0",53.862978299999995,9.027721699999999
"2019-02-15T00:37:23.0",53.862993333333335,8.740818333333333
"2019-02-14T23:50:18.0",53.863234999999996,9.0286367
"2019-02-15T00:37:30.0",53.8634566,8.740163299999999
"2019-02-15T00:37:33.0",53.863456666666664,8.740163333333333
"2019-02-14T23:50:07.0",53.86353,9.0296433
"2019-02-14T23:49:58.0",53.8637666,9.0304667
"2019-02-15T00:37:40.0",53.8639333,8.7395133
"2019-02-14T23:49:47.0",53.86405,9.0314683
"2019-02-14T23:49:39.0",53.864291599999994,9.0322917
"2019-02-15T00:37:49.0",53.8643583,8.7389333
"2019-02-14T23:49:28.0",53.864541599999995,9.0332083
"2019-02-14T23:49:18.0",53.8648083,9.0341183
"2019-02-15T00:38:01.0",53.864863299999996,8.7382067
"2019-02-14T23:49:07.0",53.865095,9.0351283
"2019-02-15T00:38:10.0",53.865321599999994,8.737549999999999
"2019-02-14T23:48:58.0",53.865333299999996,9.0359483
"2019-02-14T23:48:47.0",53.8656316,9.03693
"2019-02-14T23:48:39.0",53.8658733,9.037743299999999
"2019-02-14T23:48:28.0",53.8661366,9.0386583
"2019-02-15T00:38:30.0",53.866245,8.7362933
"2019-02-15T00:38:33.0",53.866245,8.736293333333334
"2019-02-14T23:48:18.0",53.866389999999996,9.0395767
"2019-02-14T23:48:07.0",53.86667,9.0405917
"2019-02-15T00:38:40.0",53.866691599999996,8.735655
"2019-02-14T23:47:58.0",53.866879999999995,9.04144
"2019-02-15T00:38:49.0",53.8671,8.7350833
"2019-02-15T00:38:52.0",53.8671,8.735083333333334
"2019-02-14T23:47:47.0",53.8671866,9.0424283
"2019-02-14T23:47:39.0",53.867419999999996,9.043238299999999
"2019-02-15T00:38:59.0",53.867561599999995,8.7344717
"2019-02-14T23:47:28.0",53.867689999999996,9.044145
"2019-02-14T23:47:18.0",53.867945,9.0450517
"2019-02-15T00:39:10.0",53.8680683,8.733794999999999
"2019-02-14T23:47:07.0",53.868238299999994,9.046045
"2019-02-14T23:46:58.0",53.8684733,9.046859999999999
"2019-02-15T00:39:20.0",53.8685316,8.7331767
"2019-02-14T23:46:47.0",53.8687566,9.04787
"2019-02-14T23:46:39.0",53.8689866,9.048695
"2019-02-15T00:39:30.0",53.8689883,8.732541699999999
"2019-02-15T00:39:33.0",53.868988333333334,8.732541666666666
"2019-02-14T23:46:28.0",53.86924,9.0496033
"2019-02-15T00:39:39.0",53.8694133,8.732003299999999
"2019-02-14T23:46:17.0",53.8695266,9.0505917
"2019-02-14T23:46:07.0",53.8698033,9.051575
"2019-02-15T00:39:49.0",53.8698883,8.731406699999999
"2019-02-15T00:39:52.0",53.869888333333336,8.731406666666667
"2019-02-14T23:45:58.0",53.8700033,9.052294999999999
"2019-02-14T23:45:47.0",53.8702733,9.0533
"2019-02-15T00:40:02.0",53.870351666666664,8.730783333333333
"2019-02-14T23:45:39.0",53.8705116,9.0541
"2019-02-14T23:45:28.0",53.870773299999996,9.055015
"2019-02-15T00:40:10.0",53.8708783,8.7301367
"2019-02-14T23:45:17.0",53.8710433,9.0560183
"2019-02-14T23:45:07.0",53.8713233,9.0570217
"2019-02-15T00:40:20.0",53.87137,8.72953
"2019-02-14T23:44:58.0",53.87152,9.057755
"2019-02-14T23:44:48.0",53.8717666,9.05867
"2019-02-15T00:40:30.0",53.8718516,8.7289233
"2019-02-14T23:44:39.0",53.8720016,9.059586699999999
"2019-02-14T23:44:28.0",53.87225,9.0605067
"2019-02-14T23:44:17.0",53.872513299999994,9.0615183
"2019-02-14T23:44:07.0",53.8727533,9.062429999999999
"2019-02-15T00:40:49.0",53.872769999999996,8.72777
"2019-02-14T23:43:57.0",53.873001599999995,9.063355
"2019-02-14T23:43:48.0",53.873214999999995,9.064165
"2019-02-15T00:40:59.0",53.873259999999995,8.7271533
"2019-02-15T00:41:02.0",53.87326,8.727153333333334
"2019-02-14T23:43:39.0",53.8734666,9.065095
"2019-02-14T23:43:28.0",53.8737116,9.066004999999999
"2019-02-15T00:41:10.0",53.8737966,8.7264717
"2019-02-14T23:43:17.0",53.873973299999996,9.0670167
"2019-02-14T23:43:07.0",53.874211599999995,9.067919999999999
"2019-02-15T00:41:20.0",53.874283299999995,8.7258433
"2019-02-14T23:42:57.0",53.8744466,9.068819999999999
"2019-02-14T23:42:48.0",53.87466,9.0696417
"2019-02-15T00:41:30.0",53.8747833,8.7252467
"2019-02-15T00:41:33.0",53.87478333333333,8.725246666666667
"2019-02-14T23:42:39.0",53.8748916,9.0705567
"2019-02-14T23:42:29.0",53.875119999999995,9.0714717
"2019-02-15T00:41:42.0",53.87522333333333,8.724681666666667
"2019-02-14T23:42:17.0",53.87538,9.0725017
"2019-02-14T23:42:07.0",53.8756133,9.073408299999999
"2019-02-15T00:41:49.0",53.8757166,8.7240483
"2019-02-15T00:41:52.0",53.87571666666667,8.724048333333334
"2019-02-14T23:41:57.0",53.8758433,9.074315
"2019-02-14T23:41:48.0",53.8760483,9.0751217
"2019-02-15T00:41:59.0",53.876201599999995,8.723391699999999
"2019-02-15T00:42:02.0",53.87620166666667,8.723391666666666
"2019-02-14T23:41:38.0",53.876278299999996,9.0760267
"2019-02-14T23:41:28.0",53.8764883,9.07692
"2019-02-14T23:41:17.0",53.876704999999994,9.0779033
"2019-02-15T00:42:10.0",53.87674,8.7226833
"2019-02-14T23:41:07.0",53.876941599999995,9.0788417
"2019-02-14T23:40:57.0",53.877154999999995,9.079794999999999
"2019-02-15T00:42:20.0",53.8772283,8.722031699999999
"2019-02-14T23:40:48.0",53.87732,9.0806483
"2019-02-14T23:40:38.0",53.8774983,9.08159
"2019-02-14T23:40:28.0",53.877665,9.0825467
"2019-02-15T00:42:30.0",53.87772,8.7213633
"2019-02-14T23:40:17.0",53.877811599999994,9.08362
"2019-02-14T23:40:10.0",53.87795,9.084593333333334
"2019-02-14T23:39:58.0",53.8780716,9.085468299999999
"2019-02-14T23:39:47.0",53.8782333,9.0865283
"2019-02-14T23:39:38.0",53.8783633,9.0874233
"2019-02-14T23:39:28.0",53.878479999999996,9.088418299999999
"2019-02-14T23:39:17.0",53.8786183,9.0895183
"2019-02-15T00:42:49.0",53.8786433,8.720106699999999
"2019-02-14T23:39:07.0",53.8787716,9.090475
"2019-02-14T23:38:58.0",53.8789016,9.0913433
"2019-02-14T23:38:47.0",53.879053299999995,9.0924133
"2019-02-15T00:42:59.0",53.8790933,8.71952
"2019-02-14T23:38:38.0",53.8791733,9.093275
"2019-02-14T23:38:28.0",53.879311599999994,9.09428
"2019-02-14T23:38:17.0",53.8794733,9.0953783
"2019-02-14T23:38:07.0",53.879613299999995,9.0963583
"2019-02-15T00:43:10.0",53.8796933,8.71872
"2019-02-14T23:37:58.0",53.8797383,9.0972483
"2019-02-14T23:37:47.0",53.879889999999996,9.0983267
"2019-02-14T23:37:38.0",53.8800216,9.0992167
"2019-02-14T23:37:28.0",53.880166599999995,9.1001867
"2019-02-15T00:43:20.0",53.8801716,8.718036699999999
"2019-02-14T23:37:17.0",53.8803233,9.101255
"2019-02-14T23:37:08.0",53.880456599999995,9.1021317
"2019-02-14T23:36:58.0",53.8805933,9.1031183
"2019-02-15T00:43:33.0",53.88066333333333,8.717366666666667
"2019-02-14T23:36:47.0",53.880745,9.1041967
"2019-02-14T23:36:37.0",53.8808833,9.105155
"2019-02-14T23:36:28.0",53.880995,9.106035
"2019-02-15T00:43:39.0",53.881105,8.716766699999999
"2019-02-14T23:36:17.0",53.8811483,9.1070883
"2019-02-14T23:36:08.0",53.88126,9.1079717
"2019-02-14T23:35:58.0",53.8813983,9.108941699999999
"2019-02-14T23:35:49.0",53.881538299999995,9.1099233
"2019-02-15T00:43:49.0",53.8815933,8.716085
"2019-02-14T23:35:37.0",53.881685,9.1109867
"2019-02-14T23:35:28.0",53.881809999999994,9.1118617
"2019-02-14T23:35:18.0",53.881956599999995,9.1128333
"2019-02-15T00:43:59.0",53.88209,8.715438299999999
"2019-02-14T23:35:08.0",53.8821016,9.1138167
"2019-02-14T23:34:49.0",53.882413299999996,9.1156917
"2019-02-15T00:44:10.0",53.8826416,8.7147583
"2019-02-14T23:34:37.0",53.882655,9.1167233
"2019-02-14T23:34:28.0",53.882851599999995,9.11756
"2019-02-14T23:34:19.0",53.8830616,9.118435
"2019-02-15T00:44:19.0",53.8830933,8.7141933
"2019-02-15T00:44:22.0",53.883093333333335,8.714193333333334
"2019-02-14T23:34:08.0",53.88328,9.119304999999999
"2019-02-14T23:33:58.0",53.88352,9.12016
"2019-02-15T00:44:30.0",53.883681599999996,8.7135183
"2019-02-15T00:44:33.0",53.88368166666667,8.713518333333333
"2019-02-14T23:33:49.0",53.8837816,9.120989999999999
"2019-02-14T23:33:37.0",53.884086599999996,9.121875
"2019-02-14T23:33:28.0",53.884344999999996,9.1225683
"2019-02-14T23:33:31.0",53.884345,9.122568333333334
"2019-02-14T23:33:18.0",53.8846316,9.1233217
"2019-02-15T00:44:49.0",53.884693299999995,8.7123733
"2019-02-15T00:44:52.0",53.88469333333333,8.712373333333334
"2019-02-14T23:33:07.0",53.884965,9.12416
"2019-02-14T23:32:58.0",53.885225,9.1248433
"2019-02-15T00:44:59.0",53.8852416,8.7117833
"2019-02-14T23:32:49.0",53.8855133,9.125601699999999
"2019-02-14T23:32:37.0",53.8858116,9.1264267
"2019-02-14T23:32:40.0",53.88581166666667,9.126426666666667
"2019-02-15T00:45:10.0",53.885844999999996,8.711136699999999
"2019-02-15T00:45:13.0",53.885845,8.711136666666667
"2019-02-14T23:32:28.0",53.8860483,9.12712
"2019-02-14T23:32:18.0",53.8862866,9.1278867
"2019-02-15T00:45:19.0",53.886348299999995,8.710621699999999
"2019-02-15T00:45:22.0",53.88634833333333,8.710621666666666
"2019-02-14T23:32:07.0",53.8865383,9.1287167
"2019-02-14T23:31:58.0",53.8867316,9.129401699999999
"2019-02-15T00:45:30.0",53.886946599999995,8.7100017
"2019-02-15T00:45:33.0",53.88694666666667,8.710001666666667
"2019-02-14T23:31:49.0",53.886953299999995,9.130125
"2019-02-14T23:31:37.0",53.8871883,9.130906699999999
"2019-02-14T23:31:28.0",53.8873933,9.1315033
"2019-02-15T00:45:39.0",53.88744,8.7094983
"2019-02-14T23:31:18.0",53.887621599999996,9.13215
"2019-02-15T00:45:44.0",53.887711599999996,8.709209999999999
"2019-02-15T00:45:47.0",53.88771166666667,8.70921
"2019-02-14T23:31:07.0",53.887899999999995,9.132805
"2019-02-15T00:45:52.0",53.887985,8.708931666666667
"2019-02-15T00:45:49.0",53.887985,8.708931699999999
"2019-02-14T23:30:58.0",53.888138299999994,9.133323299999999
"2019-02-15T00:45:56.0",53.8883733,8.7085467
"2019-02-15T00:45:59.0",53.888373333333334,8.708546666666667
"2019-02-14T23:30:49.0",53.888405,9.133875
"2019-02-14T23:30:37.0",53.8887,9.1344783
"2019-02-15T00:46:02.0",53.888704999999995,8.708208299999999
"2019-02-15T00:46:05.0",53.888705,8.708208333333333
"2019-02-14T23:30:28.0",53.8889516,9.13496
"2019-02-14T23:30:31.0",53.888951666666664,9.13496
"2019-02-15T00:46:08.0",53.888993299999996,8.7079233
"2019-02-15T00:46:10.0",53.88899333333333,8.707923333333333
"2019-02-15T00:46:13.0",53.889165,8.707756666666667
"2019-02-14T23:30:18.0",53.8892233,9.135478299999999
"2019-02-15T00:46:14.0",53.8893966,8.7075283
"2019-02-14T23:30:07.0",53.8895116,9.1360367
"2019-02-14T23:30:10.0",53.889511666666664,9.136036666666667
"2019-02-15T00:46:19.0",53.8896683,8.70725
"2019-02-15T00:46:22.0",53.88966833333333,8.70725
"2019-02-14T23:29:58.0",53.8897516,9.136491699999999
"2019-02-14T23:29:49.0",53.8900016,9.1369767
"2019-02-15T00:46:26.0",53.890068299999996,8.70685
"2019-02-15T00:46:29.0",53.89006833333333,8.70685
"2019-02-14T23:29:37.0",53.8902733,9.1375067
"2019-02-15T00:46:32.0",53.8903483,8.70656
"2019-02-15T00:46:34.0",53.890348333333336,8.70656
"2019-02-14T23:29:28.0",53.890493299999996,9.137929999999999
"2019-02-14T23:29:19.0",53.8907266,9.13838
"2019-02-15T00:46:38.0",53.89074,8.706154999999999
"2019-02-15T00:46:41.0",53.89074,8.706155
"2019-02-15T00:46:47.0",53.891075,8.705816666666667
"2019-02-15T00:46:44.0",53.891075,8.7058167
"2019-02-14T23:28:57.0",53.891185,9.1392717
"2019-02-15T00:46:49.0",53.8913533,8.70553
"2019-02-15T00:46:52.0",53.891353333333335,8.70553
"2019-02-14T23:28:48.0",53.891368299999996,9.139619999999999
"2019-02-14T23:28:51.0",53.89136833333333,9.13962
"2019-02-14T23:28:37.0",53.89158,9.140035
"2019-02-15T00:46:56.0",53.8917316,8.705118299999999
"2019-02-15T00:46:59.0",53.891731666666665,8.705118333333333
"2019-02-14T23:28:28.0",53.8917383,9.140329999999999
"2019-02-15T00:47:02.0",53.892051599999995,8.704775
"2019-02-15T00:47:05.0",53.89205166666667,8.704775
"2019-02-14T23:28:08.0",53.892078299999994,9.1410017
"2019-02-14T23:27:57.0",53.892238299999995,9.1413133
"2019-02-15T00:47:08.0",53.892321599999995,8.704495
"2019-02-15T00:47:11.0",53.89232166666667,8.704495
"2019-02-14T23:27:48.0",53.892366599999995,9.1415733
"2019-02-14T23:27:37.0",53.8925166,9.1418767
"2019-02-14T23:27:28.0",53.8926233,9.1421
"2019-02-15T00:47:14.0",53.8927116,8.7040983
"2019-02-14T23:27:18.0",53.892726599999996,9.1423083
"2019-02-14T23:27:08.0",53.8928283,9.1425217
"2019-02-14T23:26:57.0",53.8929216,9.1427167
"2019-02-14T23:26:48.0",53.892979999999994,9.14285
"2019-02-15T00:47:19.0",53.89299,8.7038233
"2019-02-15T00:47:22.0",53.89299,8.703823333333334
"2019-02-14T23:26:28.0",53.893126599999995,9.143175
"2019-02-14T23:26:08.0",53.893245,9.143469999999999
"2019-02-14T23:25:57.0",53.893319999999996,9.143555
"2019-02-14T23:25:48.0",53.893353299999994,9.1436367
"2019-02-15T00:47:26.0",53.893376599999996,8.7034217
"2019-02-15T00:47:29.0",53.89337666666667,8.703421666666667
"2019-02-14T23:25:37.0",53.89338,9.143715
"2019-02-14T23:25:28.0",53.893398299999994,9.1438167
"2019-02-14T23:25:18.0",53.8934133,9.143761699999999
"2019-02-14T23:25:08.0",53.8934466,9.1438367
"2019-02-14T23:24:57.0",53.893454999999996,9.143885
"2019-02-14T23:24:48.0",53.89347,9.1439267
"2019-02-14T23:24:37.0",53.893485,9.1439617
"2019-02-14T23:22:18.0",53.893485,9.143973299999999
"2019-02-14T23:22:21.0",53.893485,9.143973333333333
"2019-02-14T23:22:08.0",53.893485,9.143978299999999
"2019-02-14T23:21:48.0",53.893486599999996,9.143991699999999
"2019-02-14T23:21:57.0",53.893488299999994,9.143991699999999
"2019-02-14T23:22:28.0",53.89349,9.1439717
"2019-02-14T23:21:37.0",53.8934916,9.143955
"2019-02-14T23:23:57.0",53.8934966,9.143973299999999
"2019-02-14T23:24:28.0",53.893499999999996,9.143975
"2019-02-14T23:23:48.0",53.8935016,9.1439667
"2019-02-14T23:22:37.0",53.8935033,9.143975
"2019-02-14T23:21:28.0",53.893506599999995,9.1439617
"2019-02-14T23:24:18.0",53.893506599999995,9.143973299999999
"2019-02-14T23:21:18.0",53.89351,9.1439617
"2019-02-14T23:20:51.0",53.89351,9.143963333333334
"2019-02-14T23:21:08.0",53.893515,9.143965
"2019-02-14T23:22:48.0",53.893515,9.143996699999999
"2019-02-14T23:20:57.0",53.8935183,9.143965
"2019-02-14T23:23:37.0",53.8935183,9.1439767
"2019-02-14T23:22:57.0",53.8935216,9.1440067
"2019-02-14T23:23:28.0",53.893526599999994,9.143984999999999
"2019-02-14T23:23:08.0",53.893526599999994,9.1440117
"2019-02-14T23:23:18.0",53.893531599999996,9.1440067
"2019-02-15T00:47:32.0",53.8936466,8.7031467
"2019-02-15T00:47:34.0",53.89364666666667,8.703146666666667
"2019-02-15T00:47:38.0",53.8940316,8.7027583
"2019-02-15T00:47:41.0",53.89403166666666,8.702758333333334
"2019-02-15T00:47:44.0",53.894363299999995,8.702411699999999
"2019-02-15T00:47:47.0",53.89436333333333,8.702411666666666
"2019-02-15T00:47:49.0",53.8946416,8.702126699999999
"2019-02-15T00:47:52.0",53.894641666666665,8.702126666666667
"2019-02-15T00:47:56.0",53.895031599999996,8.7017417
"2019-02-15T00:47:59.0",53.89503166666667,8.701741666666667
"2019-02-15T00:48:02.0",53.8953616,8.7014067
"2019-02-15T00:48:05.0",53.895361666666666,8.701406666666667
"2019-02-15T00:48:08.0",53.895638299999995,8.7011383
"2019-02-15T00:48:10.0",53.89563833333333,8.701138333333333
"2019-02-15T00:48:14.0",53.8960266,8.700764999999999
"2019-02-15T00:48:17.0",53.896026666666664,8.700765
"2019-02-15T00:48:19.0",53.8963033,8.7005033
"2019-02-15T00:48:22.0",53.896303333333336,8.700503333333334
"2019-02-15T00:48:26.0",53.8966983,8.700145
"2019-02-15T00:48:29.0",53.89669833333333,8.700145
"2019-02-15T00:48:32.0",53.8969816,8.69988
"2019-02-15T00:48:35.0",53.89698166666667,8.69988
"2019-02-15T00:48:41.0",53.897375,8.699513333333334
"2019-02-15T00:48:44.0",53.89771,8.6992117
"2019-02-15T00:48:49.0",53.897988299999994,8.6989517
"2019-02-15T00:48:52.0",53.89798833333333,8.698951666666666
"2019-02-15T00:48:56.0",53.8983916,8.6985983
"2019-02-15T00:49:02.0",53.8987366,8.6982967
"2019-02-15T00:49:05.0",53.898736666666665,8.698296666666666
"2019-02-15T00:49:08.0",53.8990133,8.698046699999999
"2019-02-15T00:49:11.0",53.899013333333336,8.698046666666666
"2019-02-15T00:49:14.0",53.8994133,8.697703299999999
"2019-02-15T00:49:17.0",53.899413333333335,8.697703333333333
"2019-02-15T00:49:19.0",53.8997083,8.6974567
"2019-02-15T00:49:22.0",53.899708333333336,8.697456666666668
"2019-02-15T00:49:26.0",53.9001016,8.697106699999999
"2019-02-15T00:49:32.0",53.9003916,8.6968517
"2019-02-15T00:49:34.0",53.900391666666664,8.696851666666667
"2019-02-15T00:49:38.0",53.900788299999995,8.6965033
"2019-02-15T00:49:44.0",53.901125,8.696198299999999
"2019-02-15T00:49:47.0",53.901125,8.696198333333333
"2019-02-15T00:49:49.0",53.9014033,8.695941699999999
"2019-02-15T00:49:52.0",53.901403333333334,8.695941666666666
"2019-02-15T00:49:56.0",53.901811599999995,8.695588299999999
"2019-02-15T00:50:02.0",53.902153299999995,8.6952733
"2019-02-15T00:50:05.0",53.90215333333333,8.695273333333333
"2019-02-15T00:50:08.0",53.9024783,8.6949483
"2019-02-15T00:50:11.0",53.902478333333335,8.694948333333333
"2019-02-15T00:50:14.0",53.9028183,8.6946283
"2019-02-15T00:50:17.0",53.902818333333336,8.694628333333334
"2019-02-15T00:50:20.0",53.9031483,8.6943033
"2019-02-15T00:50:23.0",53.903148333333334,8.694303333333334
"2019-02-15T00:50:26.0",53.903498299999995,8.6939817
"2019-02-15T00:50:29.0",53.90349833333333,8.693981666666666
"2019-02-15T00:50:32.0",53.9038416,8.693655
"2019-02-15T00:50:37.0",53.904129999999995,8.693389999999999
"2019-02-15T00:50:40.0",53.90413,8.69339
"2019-02-15T00:50:44.0",53.9045333,8.6930183
"2019-02-15T00:50:47.0",53.90453333333333,8.693018333333333
"2019-02-15T00:50:49.0",53.9048166,8.6927483
"2019-02-15T00:50:52.0",53.90481666666667,8.692748333333334
"2019-02-15T00:50:56.0",53.905215,8.6923833
"2019-02-15T00:50:59.0",53.905215,8.692383333333334
"2019-02-15T00:51:02.0",53.905558299999996,8.6920667
"2019-02-15T00:51:05.0",53.90555833333333,8.692066666666667
"2019-02-15T00:51:11.0",53.905901666666665,8.691751666666667
"2019-02-15T00:51:14.0",53.9062433,8.69144
"2019-02-15T00:51:20.0",53.906569999999995,8.6911167
"2019-02-15T00:51:26.0",53.906909999999996,8.690795
"2019-02-15T00:51:29.0",53.90691,8.690795
"2019-02-15T00:51:32.0",53.90719,8.690529999999999
"2019-02-15T00:51:35.0",53.90719,8.69053
"2019-02-15T00:51:37.0",53.9075266,8.6902067
"2019-02-15T00:51:40.0",53.90752666666667,8.690206666666667
"2019-02-15T00:51:44.0",53.9079166,8.6898333
"2019-02-15T00:51:47.0",53.907916666666665,8.689833333333333
"2019-02-15T00:51:50.0",53.908191599999995,8.6895633
"2019-02-15T00:51:59.0",53.90859,8.689186666666666
"2019-02-15T00:51:56.0",53.90859,8.6891867
"2019-02-15T00:52:02.0",53.9089233,8.6888683
"2019-02-15T00:52:08.0",53.909253299999996,8.688555
"2019-02-15T00:52:11.0",53.90925333333333,8.688555
"2019-02-15T00:52:14.0",53.9095916,8.688241699999999
"2019-02-15T00:52:20.0",53.9099283,8.6879333
"2019-02-15T00:52:23.0",53.90992833333333,8.687933333333334
"2019-02-15T00:52:26.0",53.9102666,8.6876267
"2019-02-15T00:52:29.0",53.910266666666665,8.687626666666667
"2019-02-15T00:52:32.0",53.910546599999996,8.687373299999999
"2019-02-15T00:52:34.0",53.91054666666667,8.687373333333333
"2019-02-15T00:52:37.0",53.9108916,8.6870783
"2019-02-15T00:52:44.0",53.9112783,8.6867333
"2019-02-15T00:52:47.0",53.911278333333335,8.686733333333333
"2019-02-15T00:52:50.0",53.911555,8.686485
"2019-02-15T00:52:56.0",53.91195,8.6861333
"2019-02-15T00:52:59.0",53.91195,8.686133333333334
"2019-02-15T00:53:01.0",53.9122233,8.6858883
"2019-02-15T00:53:08.0",53.9126133,8.685548299999999
"2019-02-15T00:53:11.0",53.91261333333333,8.685548333333333
"2019-02-15T00:53:14.0",53.912943299999995,8.6852517
"2019-02-15T00:53:20.0",53.91327,8.684956699999999
"2019-02-15T00:53:26.0",53.9135966,8.684664999999999
"2019-02-15T00:53:29.0",53.91359666666666,8.684665
"2019-02-15T00:53:32.0",53.9138733,8.6844317
"2019-02-15T00:53:34.0",53.913873333333335,8.684431666666667
"2019-02-15T00:53:37.0",53.9142016,8.6841417
"2019-02-15T00:53:46.0",53.91453333333333,8.68386
"2019-02-15T00:53:53.0",53.91492,8.683538333333333
"2019-02-15T00:53:56.0",53.915245,8.683254999999999
"2019-02-15T00:54:01.0",53.9155216,8.6830267
"2019-02-15T00:54:08.0",53.9159016,8.6826983
"2019-02-15T00:54:11.0",53.91590166666667,8.682698333333333
"2019-02-15T00:54:13.0",53.9161733,8.6824617
"2019-02-15T00:54:16.0",53.91617333333333,8.682461666666667
"2019-02-15T00:54:19.0",53.9164983,8.682186699999999
"2019-02-15T00:54:22.0",53.91649833333334,8.682186666666666
"2019-02-15T00:54:26.0",53.916869999999996,8.6818583
"2019-02-15T00:54:32.0",53.917139999999996,8.681619999999999
"2019-02-15T00:54:34.0",53.91714,8.68162
"2019-02-15T00:54:37.0",53.9174666,8.681341699999999
"2019-02-15T00:54:40.0",53.91746666666667,8.681341666666667
"2019-02-15T00:54:46.0",53.917791666666666,8.681055
"2019-02-15T00:54:47.0",53.9180083,8.680864999999999
"2019-02-15T00:54:50.0",53.91800833333333,8.680865
"2019-02-15T00:54:52.0",53.91811833333333,8.68077
"2019-02-15T00:54:56.0",53.9185033,8.680438299999999
"2019-02-15T00:54:58.0",53.9186116,8.68034
"2019-02-15T00:55:01.0",53.91861166666666,8.68034
"2019-02-15T00:55:08.0",53.9191566,8.67986
"2019-02-15T00:55:11.0",53.919156666666666,8.67986
"2019-02-15T00:55:16.0",53.91943,8.679621666666666
"2019-02-15T00:55:13.0",53.91943,8.6796217
"2019-02-15T00:55:18.0",53.919701599999996,8.679376699999999
"2019-02-15T00:55:21.0",53.91970166666667,8.679376666666666
"2019-02-15T00:55:19.0",53.9197583,8.67933
"2019-02-15T00:55:22.0",53.919758333333334,8.67933
"2019-02-15T00:55:26.0",53.920134999999995,8.6789983
"2019-02-15T00:55:27.0",53.9201883,8.67895
"2019-02-15T00:55:31.0",53.920404999999995,8.6787533
"2019-02-15T00:55:34.0",53.920405,8.678753333333333
"2019-02-15T00:55:37.0",53.92073,8.678463299999999
"2019-02-15T00:55:40.0",53.92073,8.678463333333333
"2019-02-15T00:55:47.0",53.9212716,8.6779817
"2019-02-15T00:55:58.0",53.9218683,8.6774633
"2019-02-15T00:56:01.0",53.921868333333336,8.677463333333334
"2019-02-15T00:56:08.0",53.922415,8.6769883
"2019-02-15T00:56:11.0",53.922415,8.676988333333334
"2019-02-15T00:56:18.0",53.9229633,8.676525
"2019-02-15T00:56:21.0",53.922963333333335,8.676525
"2019-02-15T00:56:27.0",53.923456599999994,8.6761017
"2019-02-15T00:56:37.0",53.9240066,8.675635
"2019-02-15T00:56:47.0",53.9245483,8.6751533
"2019-02-15T00:56:50.0",53.924548333333334,8.675153333333334
"2019-02-15T00:56:58.0",53.925149999999995,8.674618299999999
"2019-02-15T00:57:01.0",53.92515,8.674618333333333
"2019-02-15T00:57:08.0",53.9256983,8.6741417
"2019-02-15T00:57:18.0",53.926204999999996,8.6736633
"2019-02-15T00:57:21.0",53.926205,8.673663333333334
"2019-02-15T00:57:27.0",53.926733299999995,8.6732233
"2019-02-15T00:57:37.0",53.927265,8.672738299999999
"2019-02-15T00:57:47.0",53.9278116,8.6722517
"2019-02-15T00:57:58.0",53.928413299999995,8.6717333
"2019-02-15T00:58:01.0",53.92841333333333,8.671733333333334
"2019-02-15T00:58:08.0",53.9289683,8.6712583
"2019-02-15T00:58:11.0",53.92896833333333,8.671258333333334
"2019-02-15T00:58:18.0",53.929526599999996,8.6707733
"2019-02-15T00:58:27.0",53.9300333,8.6703517
"2019-02-15T00:58:30.0",53.930033333333334,8.670351666666667
"2019-02-15T00:58:37.0",53.930569999999996,8.6698717
"2019-02-15T00:58:47.0",53.9311216,8.669414999999999
"2019-02-15T00:58:50.0",53.93112166666667,8.669415
"2019-02-15T00:59:01.0",53.931725,8.668871666666666
"2019-02-15T00:58:58.0",53.931725,8.6688717
"2019-02-15T00:59:08.0",53.9322733,8.668384999999999
"2019-02-15T00:59:11.0",53.932273333333335,8.668385
"2019-02-15T00:59:19.0",53.932809999999996,8.667875
"2019-02-15T00:59:21.0",53.93281,8.667875
"2019-02-15T00:59:27.0",53.933273299999996,8.6673983
"2019-02-15T00:59:30.0",53.93327333333333,8.667398333333333
"2019-02-15T00:59:37.0",53.9338033,8.666865
"2019-02-15T00:59:40.0",53.93380333333333,8.666865
"2019-02-15T00:59:47.0",53.934329999999996,8.66633
"2019-02-15T00:59:50.0",53.93433,8.66633
"2019-02-15T01:00:01.0",53.934915,8.665756666666667
"2019-02-15T00:59:58.0",53.934915,8.6657567
"2019-02-15T01:00:08.0",53.9354283,8.6652183
"2019-02-15T01:00:11.0",53.935428333333334,8.665218333333334
"2019-02-15T01:00:18.0",53.9359433,8.6646733
"2019-02-15T01:00:21.0",53.935943333333334,8.664673333333333
"2019-02-15T01:00:27.0",53.936403299999995,8.6641833
"2019-02-15T01:00:30.0",53.93640333333333,8.664183333333334
"2019-02-15T01:00:40.0",53.93692,8.663641666666667
"2019-02-15T01:00:37.0",53.93692,8.6636417
"2019-02-15T01:00:47.0",53.9374166,8.6630783
"2019-02-15T01:00:50.0",53.937416666666664,8.663078333333333
"2019-02-15T01:00:58.0",53.937968299999994,8.662481699999999
"2019-02-15T01:01:01.0",53.93796833333333,8.662481666666666
"2019-02-15T01:01:08.0",53.9384666,8.661921699999999
"2019-02-15T01:01:18.0",53.938978299999995,8.661356699999999
"2019-02-15T01:01:21.0",53.93897833333333,8.661356666666666
"2019-02-15T01:01:27.0",53.9394383,8.66085
"2019-02-15T01:01:30.0",53.939438333333335,8.66085
"2019-02-15T01:01:37.0",53.939943299999996,8.660285
"2019-02-15T01:01:40.0",53.93994333333333,8.660285
"2019-02-15T01:01:47.0",53.940426599999995,8.6597183
"2019-02-15T01:01:50.0",53.94042666666667,8.659718333333334
"2019-02-15T01:01:58.0",53.940968299999994,8.6590867
"2019-02-15T01:02:01.0",53.94096833333333,8.659086666666667
"2019-02-15T01:02:11.0",53.941465,8.658496666666666
"2019-02-15T01:02:08.0",53.941465,8.658496699999999
"2019-02-15T01:02:18.0",53.9419616,8.6579017
"2019-02-15T01:02:21.0",53.941961666666664,8.657901666666667
"2019-02-15T01:02:27.0",53.9424016,8.657359999999999
"2019-02-15T01:02:30.0",53.94240166666667,8.65736
"2019-02-15T01:02:37.0",53.942895,8.656755
"2019-02-15T01:02:48.0",53.9434416,8.6560933
"2019-02-15T01:02:51.0",53.943441666666665,8.656093333333333
"2019-02-15T01:02:58.0",53.943928299999996,8.6554883
"2019-02-15T01:03:01.0",53.94392833333333,8.655488333333333
"2019-02-15T01:03:08.0",53.94441,8.6548783
"2019-02-15T01:03:11.0",53.94441,8.654878333333333
"2019-02-15T01:03:18.0",53.9448916,8.6542383
"2019-02-15T01:03:27.0",53.945306599999995,8.653656699999999
"2019-02-15T01:03:30.0",53.94530666666667,8.653656666666667
"2019-02-15T01:03:38.0",53.9457616,8.6529867
"2019-02-15T01:03:40.0",53.94576166666667,8.652986666666667
"2019-02-15T01:03:48.0",53.946246599999995,8.652239999999999
"2019-02-15T01:03:58.0",53.9466816,8.651533299999999
"2019-02-15T01:04:01.0",53.94668166666667,8.651533333333333
"2019-02-15T01:04:08.0",53.947103299999995,8.6508083
"2019-02-15T01:04:11.0",53.94710333333333,8.650808333333334
"2019-02-15T01:04:18.0",53.947508299999996,8.650078299999999
"2019-02-15T01:04:27.0",53.94786,8.649405
"2019-02-15T01:04:37.0",53.948223299999995,8.6486483
"2019-02-15T01:04:40.0",53.94822333333333,8.648648333333334
"2019-02-15T01:04:51.0",53.948661666666666,8.647805
"2019-02-15T01:04:58.0",53.949028299999995,8.6470333
"2019-02-15T01:05:08.0",53.9493916,8.6462367
"2019-02-15T01:05:11.0",53.94939166666666,8.646236666666667
"2019-02-15T01:05:18.0",53.9497583,8.6454367
"2019-02-15T01:05:21.0",53.949758333333335,8.645436666666667
"2019-02-15T01:05:27.0",53.950071599999994,8.6447317
"2019-02-15T01:05:30.0",53.950071666666666,8.644731666666667
"2019-02-15T01:05:37.0",53.950424999999996,8.6439267
"2019-02-15T01:05:40.0",53.950425,8.643926666666667
"2019-02-15T01:05:51.0",53.9508,8.643026666666668
"2019-02-15T01:05:48.0",53.9508,8.6430267
"2019-02-15T01:05:58.0",53.951153299999994,8.6422233
"2019-02-15T01:06:08.0",53.9515083,8.6413967
"2019-02-15T01:06:18.0",53.951865,8.640565
"2019-02-15T01:06:27.0",53.952185,8.6398183
"2019-02-15T01:06:30.0",53.952185,8.639818333333332
"2019-02-15T01:06:37.0",53.95254,8.6389833
"2019-02-15T01:06:47.0",53.952895,8.63816
"2019-02-15T01:06:58.0",53.9532983,8.6372533
"2019-02-15T01:07:08.0",53.953631599999994,8.6364133
"2019-02-15T01:07:18.0",53.953959999999995,8.635595
"2019-02-15T01:07:21.0",53.95396,8.635595
"2019-02-15T01:07:28.0",53.954286599999996,8.6347683
"2019-02-15T01:07:37.0",53.9545816,8.6340117
"2019-02-15T01:07:40.0",53.95458166666667,8.634011666666666
"2019-02-15T01:07:47.0",53.954913299999994,8.6331667
"2019-02-15T01:07:50.0",53.95491333333333,8.633166666666666
"2019-02-15T01:07:58.0",53.955275,8.6322367
"2019-02-15T01:08:08.0",53.955606599999996,8.631395
